{"frames":{"dashDown":{"frame":{"x":359,"y":241,"w":144,"h":240},"rotated":false,"trimmed":false,"spriteSourceSize":{"x":0,"y":0,"w":144,"h":240},"sourceSize":{"w":144,"h":240}},"dashUp":{"frame":{"x":250,"y":0,"w":108,"h":240},"rotated":false,"trimmed":false,"spriteSourceSize":{"x":0,"y":0,"w":108,"h":240},"sourceSize":{"w":108,"h":240}},"idle":{"frame":{"x":133,"y":0,"w":116,"h":240},"rotated":false,"trimmed":false,"spriteSourceSize":{"x":0,"y":0,"w":116,"h":240},"sourceSize":{"w":116,"h":240}},"jump":{"frame":{"x":290,"y":482,"w":156,"h":240},"rotated":false,"trimmed":false,"spriteSourceSize":{"x":0,"y":0,"w":156,"h":240},"sourceSize":{"w":156,"h":240}},"run1":{"frame":{"x":504,"y":0,"w":144,"h":240},"rotated":false,"trimmed":false,"spriteSourceSize":{"x":0,"y":0,"w":144,"h":240},"sourceSize":{"w":144,"h":240}},"run2":{"frame":{"x":359,"y":0,"w":144,"h":240},"rotated":false,"trimmed":false,"spriteSourceSize":{"x":0,"y":0,"w":144,"h":240},"sourceSize":{"w":144,"h":240}},"run3":{"frame":{"x":145,"y":241,"w":144,"h":240},"rotated":false,"trimmed":false,"spriteSourceSize":{"x":0,"y":0,"w":144,"h":240},"sourceSize":{"w":144,"h":240}},"run4":{"frame":{"x":0,"y":482,"w":144,"h":240},"rotated":false,"trimmed":false,"spriteSourceSize":{"x":0,"y":0,"w":144,"h":240},"sourceSize":{"w":144,"h":240}},"run5":{"frame":{"x":0,"y":241,"w":144,"h":240},"rotated":false,"trimmed":false,"spriteSourceSize":{"x":0,"y":0,"w":144,"h":240},"sourceSize":{"w":144,"h":240}},"run6":{"frame":{"x":504,"y":241,"w":144,"h":240},"rotated":false,"trimmed":false,"spriteSourceSize":{"x":0,"y":0,"w":144,"h":240},"sourceSize":{"w":144,"h":240}},"run7":{"frame":{"x":447,"y":482,"w":144,"h":240},"rotated":false,"trimmed":false,"spriteSourceSize":{"x":0,"y":0,"w":144,"h":240},"sourceSize":{"w":144,"h":240}},"run8":{"frame":{"x":145,"y":482,"w":144,"h":240},"rotated":false,"trimmed":false,"spriteSourceSize":{"x":0,"y":0,"w":144,"h":240},"sourceSize":{"w":144,"h":240}},"wallCling":{"frame":{"x":0,"y":0,"w":132,"h":240},"rotated":false,"trimmed":false,"spriteSourceSize":{"x":0,"y":0,"w":132,"h":240},"sourceSize":{"w":132,"h":240}}},"meta":{"app":"https://www.leshylabs.com/apps/sstool/","version":"Leshy SpriteSheet Tool v0.8.4","image":"spritesheet.png","size":{"w":648,"h":722},"scale":1}}