{"frames":{"clouds":{"frame":{"x":0,"y":0,"w":800,"h":500},"rotated":false,"trimmed":false,"spriteSourceSize":{"x":0,"y":0,"w":800,"h":500},"sourceSize":{"w":800,"h":500}},"baddie1":{"frame":{"x":289,"y":501,"w":32,"h":32},"rotated":false,"trimmed":false,"spriteSourceSize":{"x":0,"y":0,"w":32,"h":32},"sourceSize":{"w":32,"h":32}},"baddie4":{"frame":{"x":322,"y":501,"w":32,"h":32},"rotated":false,"trimmed":false,"spriteSourceSize":{"x":0,"y":0,"w":32,"h":32},"sourceSize":{"w":32,"h":32}},"firstaid":{"frame":{"x":355,"y":501,"w":32,"h":32},"rotated":false,"trimmed":false,"spriteSourceSize":{"x":0,"y":0,"w":32,"h":32},"sourceSize":{"w":32,"h":32}},"diamond":{"frame":{"x":388,"y":501,"w":32,"h":28},"rotated":false,"trimmed":false,"spriteSourceSize":{"x":0,"y":0,"w":32,"h":28},"sourceSize":{"w":32,"h":28}},"baddie2":{"frame":{"x":421,"y":501,"w":26,"h":28},"rotated":false,"trimmed":false,"spriteSourceSize":{"x":0,"y":0,"w":26,"h":28},"sourceSize":{"w":26,"h":28}},"baddie3":{"frame":{"x":448,"y":501,"w":26,"h":28},"rotated":false,"trimmed":false,"spriteSourceSize":{"x":0,"y":0,"w":26,"h":28},"sourceSize":{"w":26,"h":28}},"star":{"frame":{"x":475,"y":501,"w":24,"h":22},"rotated":false,"trimmed":false,"spriteSourceSize":{"x":0,"y":0,"w":24,"h":22},"sourceSize":{"w":24,"h":22}},"dude2":{"frame":{"x":35,"y":507,"w":27,"h":40},"rotated":false,"trimmed":false,"spriteSourceSize":{"x":0,"y":0,"w":27,"h":40},"sourceSize":{"w":27,"h":40}},"dude4":{"frame":{"x":99,"y":507,"w":27,"h":40},"rotated":false,"trimmed":false,"spriteSourceSize":{"x":0,"y":0,"w":27,"h":40},"sourceSize":{"w":27,"h":40}},"dude7":{"frame":{"x":194,"y":507,"w":27,"h":40},"rotated":false,"trimmed":false,"spriteSourceSize":{"x":0,"y":0,"w":27,"h":40},"sourceSize":{"w":27,"h":40}},"dude9":{"frame":{"x":258,"y":507,"w":27,"h":40},"rotated":false,"trimmed":false,"spriteSourceSize":{"x":0,"y":0,"w":27,"h":40},"sourceSize":{"w":27,"h":40}},"dude1":{"frame":{"x":3,"y":509,"w":27,"h":40},"rotated":false,"trimmed":false,"spriteSourceSize":{"x":0,"y":0,"w":27,"h":40},"sourceSize":{"w":27,"h":40}},"dude3":{"frame":{"x":67,"y":509,"w":27,"h":40},"rotated":false,"trimmed":false,"spriteSourceSize":{"x":0,"y":0,"w":27,"h":40},"sourceSize":{"w":27,"h":40}},"dude5":{"frame":{"x":130,"y":509,"w":27,"h":40},"rotated":false,"trimmed":false,"spriteSourceSize":{"x":0,"y":0,"w":27,"h":40},"sourceSize":{"w":27,"h":40}},"dude6":{"frame":{"x":162,"y":509,"w":27,"h":40},"rotated":false,"trimmed":false,"spriteSourceSize":{"x":0,"y":0,"w":27,"h":40},"sourceSize":{"w":27,"h":40}},"dude8":{"frame":{"x":226,"y":509,"w":27,"h":40},"rotated":false,"trimmed":false,"spriteSourceSize":{"x":0,"y":0,"w":27,"h":40},"sourceSize":{"w":27,"h":40}}},"meta":{"app":"https://www.leshylabs.com/apps/sstool/","version":"Leshy SpriteSheet Tool v0.8.4","image":"PHSpritesheet.png","size":{"w":800,"h":549},"scale":1}}