{ "height":25,
 "infinite":false,
 "layers":[
        {
         "data":[3, 0, 0, 0, 0, 0, 0, 0, 0, 0, 0, 0, 0, 0, 0, 0, 0, 0, 0, 0, 0, 0, 0, 0, 0, 0, 0, 0, 0, 0, 0, 0, 0, 0, 44, 3, 0, 0, 0, 0, 0, 0, 0, 0, 0, 0, 0, 0, 0, 0, 0, 0, 0, 0, 0, 0, 0, 0, 0, 0, 0, 0, 0, 0, 0, 0, 0, 0, 0, 44, 3, 0, 0, 0, 19, 19, 19, 0, 19, 0, 0, 0, 0, 0, 0, 0, 0, 0, 0, 0, 0, 0, 0, 0, 0, 0, 0, 0, 0, 0, 0, 0, 0, 0, 44, 3, 0, 0, 0, 29, 29, 29, 0, 29, 0, 0, 0, 0, 0, 0, 0, 0, 0, 0, 0, 0, 0, 0, 0, 0, 0, 0, 0, 0, 0, 0, 0, 0, 0, 44, 3, 0, 0, 0, 29, 29, 29, 0, 29, 0, 0, 0, 0, 13, 0, 0, 0, 0, 0, 0, 0, 0, 0, 0, 0, 0, 0, 0, 0, 0, 0, 0, 0, 0, 44, 3, 0, 0, 0, 29, 29, 29, 0, 29, 0, 0, 0, 0, 0, 0, 0, 0, 0, 0, 0, 0, 0, 0, 0, 0, 0, 0, 0, 0, 0, 0, 0, 0, 0, 44, 3, 0, 0, 0, 29, 29, 29, 0, 29, 0, 0, 0, 0, 0, 0, 0, 0, 0, 0, 0, 0, 0, 0, 0, 0, 0, 0, 0, 0, 0, 0, 0, 0, 0, 44, 3, 0, 0, 0, 29, 29, 29, 0, 0, 20, 0, 0, 0, 0, 0, 0, 0, 0, 0, 0, 0, 0, 0, 0, 0, 0, 0, 0, 0, 0, 0, 0, 0, 0, 44, 3, 0, 0, 0, 29, 29, 29, 0, 0, 27, 27, 27, 0, 0, 0, 0, 0, 0, 0, 0, 0, 0, 0, 0, 0, 0, 0, 0, 0, 0, 0, 0, 0, 0, 44, 3, 0, 0, 0, 0, 0, 0, 0, 19, 19, 19, 19, 0, 0, 0, 0, 0, 0, 0, 0, 0, 0, 0, 0, 0, 0, 0, 0, 0, 0, 0, 0, 0, 0, 44, 3, 0, 0, 0, 0, 0, 0, 0, 0, 0, 0, 0, 20, 19, 47, 47, 0, 0, 0, 0, 0, 0, 0, 0, 0, 0, 0, 0, 0, 0, 0, 0, 0, 0, 44, 3, 0, 0, 13, 0, 0, 0, 0, 0, 0, 13, 13, 0, 29, 0, 47, 47, 47, 47, 0, 0, 0, 0, 0, 0, 0, 0, 0, 0, 0, 0, 0, 0, 0, 44, 3, 0, 0, 0, 0, 0, 19, 19, 19, 19, 19, 19, 0, 29, 0, 0, 0, 0, 0, 47, 47, 47, 47, 47, 0, 0, 0, 0, 0, 0, 0, 0, 0, 0, 44, 3, 0, 0, 0, 0, 0, 29, 29, 29, 29, 29, 29, 0, 29, 0, 0, 0, 0, 0, 0, 0, 0, 0, 47, 47, 47, 47, 47, 47, 0, 19, 19, 0, 0, 44, 3, 0, 0, 0, 0, 0, 0, 0, 0, 0, 0, 0, 0, 0, 0, 0, 0, 0, 0, 0, 0, 0, 0, 0, 0, 0, 0, 0, 0, 0, 29, 29, 0, 0, 44, 3, 0, 0, 0, 0, 0, 0, 0, 0, 0, 0, 0, 0, 0, 0, 0, 0, 0, 0, 0, 0, 0, 0, 0, 0, 0, 0, 0, 0, 0, 29, 29, 0, 0, 44, 3, 0, 0, 0, 0, 0, 0, 0, 0, 0, 0, 0, 0, 0, 0, 0, 5, 0, 0, 0, 0, 0, 0, 19, 0, 0, 0, 0, 0, 0, 29, 29, 0, 0, 44, 3, 0, 0, 0, 0, 0, 0, 0, 0, 0, 0, 0, 0, 0, 0, 0, 29, 0, 0, 0, 0, 0, 19, 23, 19, 0, 0, 0, 0, 0, 29, 29, 0, 0, 44, 3, 0, 0, 0, 0, 0, 0, 0, 0, 0, 0, 0, 0, 0, 0, 0, 29, 0, 0, 0, 0, 19, 23, 23, 23, 19, 0, 0, 0, 0, 29, 29, 0, 0, 44, 3, 0, 0, 0, 0, 0, 0, 0, 0, 0, 0, 0, 0, 0, 0, 0, 29, 0, 0, 0, 19, 23, 23, 23, 23, 23, 19, 0, 0, 0, 29, 29, 0, 0, 44, 31, 19, 6, 0, 0, 32, 19, 25, 0, 0, 0, 0, 0, 0, 0, 0, 29, 0, 19, 19, 29, 23, 23, 23, 23, 23, 29, 19, 19, 0, 29, 29, 0, 0, 44, 23, 23, 44, 0, 0, 0, 0, 0, 0, 0, 0, 0, 0, 0, 0, 0, 0, 0, 0, 0, 0, 27, 27, 27, 27, 27, 0, 0, 0, 0, 0, 0, 0, 0, 44, 23, 23, 44, 0, 0, 0, 0, 35, 0, 0, 0, 0, 0, 35, 0, 0, 0, 0, 0, 0, 0, 0, 0, 0, 0, 35, 35, 35, 0, 0, 0, 0, 0, 19, 10, 29, 29, 10, 19, 19, 19, 19, 6, 49, 19, 49, 19, 19, 19, 19, 19, 19, 19, 19, 19, 19, 6, 41, 41, 41, 31, 19, 19, 19, 19, 19, 19, 19, 19, 19, 23, 23, 23, 23, 23, 23, 23, 44, 49, 23, 0, 23, 23, 23, 23, 23, 23, 23, 29, 29, 23, 44, 41, 41, 41, 3, 23, 23, 29, 29, 29, 29, 23, 23, 23],
         "height":25,
         "id":4,
         "name":"sandTerrain",
         "opacity":1,
         "type":"tilelayer",
         "visible":true,
         "width":35,
         "x":0,
         "y":0
        }, 
        {
         "draworder":"topdown",
         "id":5,
         "name":"Items",
         "objects":[
                {
                 "gid":99,
                 "height":46,
                 "id":21,
                 "name":"scroll",
                 "rotation":0,
                 "type":"",
                 "visible":true,
                 "width":70,
                 "x":1329,
                 "y":1609.66666666667
                }, 
                {
                 "gid":99,
                 "height":46,
                 "id":22,
                 "name":"scroll",
                 "rotation":0,
                 "type":"",
                 "visible":true,
                 "width":70,
                 "x":558.333333333333,
                 "y":833.666666666667
                }],
         "opacity":1,
         "type":"objectgroup",
         "visible":true,
         "x":0,
         "y":0
        }],
 "nextlayerid":6,
 "nextobjectid":23,
 "orientation":"orthogonal",
 "renderorder":"right-down",
 "tiledversion":"2018.05.24",
 "tileheight":70,
 "tilesets":[
        {
         "columns":7,
         "firstgid":1,
         "image":"..\/..\/..\/..\/Tilemaps\/PNG Sand\/Spritesheet\/sheet.png",
         "imageheight":490,
         "imagewidth":490,
         "margin":0,
         "name":"Level_2",
         "spacing":0,
         "tilecount":49,
         "tileheight":70,
         "tiles":[
                {
                 "id":0,
                 "objectgroup":
                    {
                     "draworder":"index",
                     "name":"",
                     "objects":[
                            {
                             "height":41,
                             "id":1,
                             "name":"",
                             "rotation":0,
                             "type":"",
                             "visible":true,
                             "width":68,
                             "x":1,
                             "y":0
                            }],
                     "opacity":1,
                     "type":"objectgroup",
                     "visible":true,
                     "x":0,
                     "y":0
                    }
                }, 
                {
                 "id":10,
                 "objectgroup":
                    {
                     "draworder":"index",
                     "name":"",
                     "objects":[
                            {
                             "height":0,
                             "id":1,
                             "name":"",
                             "polygon":[
                                    {
                                     "x":0,
                                     "y":0
                                    }, 
                                    {
                                     "x":28,
                                     "y":-3
                                    }, 
                                    {
                                     "x":36,
                                     "y":-7
                                    }, 
                                    {
                                     "x":53,
                                     "y":-17
                                    }, 
                                    {
                                     "x":66,
                                     "y":-31
                                    }, 
                                    {
                                     "x":69,
                                     "y":-41
                                    }, 
                                    {
                                     "x":68,
                                     "y":-70
                                    }, 
                                    {
                                     "x":-1,
                                     "y":-69
                                    }, 
                                    {
                                     "x":-3,
                                     "y":-12
                                    }],
                             "rotation":0,
                             "type":"",
                             "visible":true,
                             "width":0,
                             "x":1,
                             "y":69
                            }],
                     "opacity":1,
                     "type":"objectgroup",
                     "visible":true,
                     "x":0,
                     "y":0
                    }
                }, 
                {
                 "id":14,
                 "objectgroup":
                    {
                     "draworder":"index",
                     "name":"",
                     "objects":[
                            {
                             "height":0,
                             "id":1,
                             "name":"",
                             "polygon":[
                                    {
                                     "x":0,
                                     "y":0
                                    }, 
                                    {
                                     "x":21,
                                     "y":-14
                                    }, 
                                    {
                                     "x":29,
                                     "y":-39
                                    }, 
                                    {
                                     "x":51,
                                     "y":-49
                                    }, 
                                    {
                                     "x":67,
                                     "y":-67
                                    }, 
                                    {
                                     "x":68,
                                     "y":3
                                    }],
                             "rotation":0,
                             "type":"",
                             "visible":true,
                             "width":0,
                             "x":2,
                             "y":68
                            }],
                     "opacity":1,
                     "type":"objectgroup",
                     "visible":true,
                     "x":0,
                     "y":0
                    }
                }, 
                {
                 "id":17,
                 "objectgroup":
                    {
                     "draworder":"index",
                     "name":"",
                     "objects":[
                            {
                             "height":0,
                             "id":1,
                             "name":"",
                             "polygon":[
                                    {
                                     "x":0,
                                     "y":0
                                    }, 
                                    {
                                     "x":0,
                                     "y":37
                                    }, 
                                    {
                                     "x":6,
                                     "y":46
                                    }, 
                                    {
                                     "x":18,
                                     "y":56
                                    }, 
                                    {
                                     "x":36,
                                     "y":63
                                    }, 
                                    {
                                     "x":47,
                                     "y":67
                                    }, 
                                    {
                                     "x":60,
                                     "y":70
                                    }, 
                                    {
                                     "x":69,
                                     "y":70
                                    }, 
                                    {
                                     "x":69,
                                     "y":0
                                    }],
                             "rotation":0,
                             "type":"",
                             "visible":true,
                             "width":0,
                             "x":0,
                             "y":-1
                            }],
                     "opacity":1,
                     "type":"objectgroup",
                     "visible":true,
                     "x":0,
                     "y":0
                    }
                }, 
                {
                 "id":21,
                 "objectgroup":
                    {
                     "draworder":"index",
                     "name":"",
                     "objects":[
                            {
                             "height":0,
                             "id":1,
                             "name":"",
                             "polygon":[
                                    {
                                     "x":0,
                                     "y":0
                                    }, 
                                    {
                                     "x":-1,
                                     "y":73
                                    }, 
                                    {
                                     "x":73,
                                     "y":75
                                    }, 
                                    {
                                     "x":48,
                                     "y":59
                                    }, 
                                    {
                                     "x":39,
                                     "y":29
                                    }, 
                                    {
                                     "x":15,
                                     "y":22
                                    }],
                             "rotation":0,
                             "type":"",
                             "visible":true,
                             "width":0,
                             "x":-1,
                             "y":-2
                            }],
                     "opacity":1,
                     "type":"objectgroup",
                     "visible":true,
                     "x":0,
                     "y":0
                    }
                }, 
                {
                 "id":24,
                 "objectgroup":
                    {
                     "draworder":"index",
                     "name":"",
                     "objects":[
                            {
                             "height":0,
                             "id":2,
                             "name":"",
                             "polygon":[
                                    {
                                     "x":0,
                                     "y":0
                                    }, 
                                    {
                                     "x":-1,
                                     "y":-69
                                    }, 
                                    {
                                     "x":67,
                                     "y":-67
                                    }, 
                                    {
                                     "x":69,
                                     "y":-48
                                    }, 
                                    {
                                     "x":69,
                                     "y":-42
                                    }],
                             "rotation":0,
                             "type":"",
                             "visible":true,
                             "width":0,
                             "x":0,
                             "y":68
                            }],
                     "opacity":1,
                     "type":"objectgroup",
                     "visible":true,
                     "x":0,
                     "y":0
                    }
                }, 
                {
                 "id":29,
                 "objectgroup":
                    {
                     "draworder":"index",
                     "name":"",
                     "objects":[
                            {
                             "height":0,
                             "id":1,
                             "name":"",
                             "polygon":[
                                    {
                                     "x":0,
                                     "y":0
                                    }, 
                                    {
                                     "x":21,
                                     "y":13
                                    }, 
                                    {
                                     "x":31,
                                     "y":38
                                    }, 
                                    {
                                     "x":53,
                                     "y":46
                                    }, 
                                    {
                                     "x":70,
                                     "y":72
                                    }, 
                                    {
                                     "x":71,
                                     "y":1
                                    }],
                             "rotation":0,
                             "type":"",
                             "visible":true,
                             "width":0,
                             "x":0,
                             "y":-1
                            }],
                     "opacity":1,
                     "type":"objectgroup",
                     "visible":true,
                     "x":0,
                     "y":0
                    }
                }, 
                {
                 "id":31,
                 "objectgroup":
                    {
                     "draworder":"index",
                     "name":"",
                     "objects":[
                            {
                             "height":0,
                             "id":1,
                             "name":"",
                             "polygon":[
                                    {
                                     "x":0,
                                     "y":0
                                    }, 
                                    {
                                     "x":0,
                                     "y":25
                                    }, 
                                    {
                                     "x":67,
                                     "y":70
                                    }, 
                                    {
                                     "x":70,
                                     "y":-1
                                    }, 
                                    {
                                     "x":69,
                                     "y":0
                                    }],
                             "rotation":0,
                             "type":"",
                             "visible":true,
                             "width":0,
                             "x":0,
                             "y":1
                            }],
                     "opacity":1,
                     "type":"objectgroup",
                     "visible":true,
                     "x":0,
                     "y":0
                    }
                }, 
                {
                 "id":36,
                 "objectgroup":
                    {
                     "draworder":"index",
                     "name":"",
                     "objects":[
                            {
                             "height":0,
                             "id":1,
                             "name":"",
                             "polygon":[
                                    {
                                     "x":0,
                                     "y":0
                                    }, 
                                    {
                                     "x":-1,
                                     "y":70
                                    }, 
                                    {
                                     "x":12,
                                     "y":45
                                    }, 
                                    {
                                     "x":37,
                                     "y":42
                                    }, 
                                    {
                                     "x":47,
                                     "y":13
                                    }, 
                                    {
                                     "x":68,
                                     "y":5
                                    }, 
                                    {
                                     "x":68,
                                     "y":2
                                    }],
                             "rotation":0,
                             "type":"",
                             "visible":true,
                             "width":0,
                             "x":0,
                             "y":-1
                            }],
                     "opacity":1,
                     "type":"objectgroup",
                     "visible":true,
                     "x":0,
                     "y":0
                    }
                }, 
                {
                 "id":38,
                 "objectgroup":
                    {
                     "draworder":"index",
                     "name":"",
                     "objects":[
                            {
                             "height":0,
                             "id":1,
                             "name":"",
                             "polygon":[
                                    {
                                     "x":0,
                                     "y":0
                                    }, 
                                    {
                                     "x":67,
                                     "y":-68
                                    }, 
                                    {
                                     "x":69,
                                     "y":0
                                    }],
                             "rotation":0,
                             "type":"",
                             "visible":true,
                             "width":0,
                             "x":1,
                             "y":69
                            }],
                     "opacity":1,
                     "type":"objectgroup",
                     "visible":true,
                     "x":0,
                     "y":0
                    }
                }, 
                {
                 "id":39,
                 "objectgroup":
                    {
                     "draworder":"index",
                     "name":"",
                     "objects":[
                            {
                             "height":40,
                             "id":1,
                             "name":"",
                             "rotation":0,
                             "type":"",
                             "visible":true,
                             "width":68,
                             "x":1,
                             "y":-2
                            }],
                     "opacity":1,
                     "type":"objectgroup",
                     "visible":true,
                     "x":0,
                     "y":0
                    }
                }, 
                {
                 "id":45,
                 "objectgroup":
                    {
                     "draworder":"index",
                     "name":"",
                     "objects":[
                            {
                             "height":0,
                             "id":3,
                             "name":"",
                             "polygon":[
                                    {
                                     "x":0,
                                     "y":0
                                    }, 
                                    {
                                     "x":68.0143,
                                     "y":71
                                    }, 
                                    {
                                     "x":-0.985714,
                                     "y":68
                                    }],
                             "rotation":0,
                             "type":"",
                             "visible":true,
                             "width":0,
                             "x":1.98571,
                             "y":1
                            }],
                     "opacity":1,
                     "type":"objectgroup",
                     "visible":true,
                     "x":0,
                     "y":0
                    }
                }, 
                {
                 "id":46,
                 "objectgroup":
                    {
                     "draworder":"index",
                     "name":"",
                     "objects":[
                            {
                             "height":39,
                             "id":1,
                             "name":"",
                             "rotation":0,
                             "type":"",
                             "visible":true,
                             "width":69,
                             "x":1,
                             "y":1
                            }],
                     "opacity":1,
                     "type":"objectgroup",
                     "visible":true,
                     "x":0,
                     "y":0
                    }
                }],
         "tilewidth":70
        }, 
        {
         "columns":7,
         "firstgid":50,
         "image":"..\/..\/..\/..\/Tilemaps\/PNG Sand\/Spritesheet\/sheet.png",
         "imageheight":490,
         "imagewidth":490,
         "margin":0,
         "name":"Level_2",
         "spacing":0,
         "tilecount":49,
         "tileheight":70,
         "tiles":[
                {
                 "id":0,
                 "objectgroup":
                    {
                     "draworder":"index",
                     "name":"",
                     "objects":[
                            {
                             "height":41,
                             "id":1,
                             "name":"",
                             "rotation":0,
                             "type":"",
                             "visible":true,
                             "width":68,
                             "x":1,
                             "y":0
                            }],
                     "opacity":1,
                     "type":"objectgroup",
                     "visible":true,
                     "x":0,
                     "y":0
                    }
                }, 
                {
                 "id":10,
                 "objectgroup":
                    {
                     "draworder":"index",
                     "name":"",
                     "objects":[
                            {
                             "height":0,
                             "id":1,
                             "name":"",
                             "polygon":[
                                    {
                                     "x":0,
                                     "y":0
                                    }, 
                                    {
                                     "x":28,
                                     "y":-3
                                    }, 
                                    {
                                     "x":36,
                                     "y":-7
                                    }, 
                                    {
                                     "x":53,
                                     "y":-17
                                    }, 
                                    {
                                     "x":66,
                                     "y":-31
                                    }, 
                                    {
                                     "x":69,
                                     "y":-41
                                    }, 
                                    {
                                     "x":68,
                                     "y":-70
                                    }, 
                                    {
                                     "x":-1,
                                     "y":-69
                                    }, 
                                    {
                                     "x":-3,
                                     "y":-12
                                    }],
                             "rotation":0,
                             "type":"",
                             "visible":true,
                             "width":0,
                             "x":1,
                             "y":69
                            }],
                     "opacity":1,
                     "type":"objectgroup",
                     "visible":true,
                     "x":0,
                     "y":0
                    }
                }, 
                {
                 "id":14,
                 "objectgroup":
                    {
                     "draworder":"index",
                     "name":"",
                     "objects":[
                            {
                             "height":0,
                             "id":1,
                             "name":"",
                             "polygon":[
                                    {
                                     "x":0,
                                     "y":0
                                    }, 
                                    {
                                     "x":21,
                                     "y":-14
                                    }, 
                                    {
                                     "x":29,
                                     "y":-39
                                    }, 
                                    {
                                     "x":51,
                                     "y":-49
                                    }, 
                                    {
                                     "x":67,
                                     "y":-67
                                    }, 
                                    {
                                     "x":68,
                                     "y":3
                                    }],
                             "rotation":0,
                             "type":"",
                             "visible":true,
                             "width":0,
                             "x":2,
                             "y":68
                            }],
                     "opacity":1,
                     "type":"objectgroup",
                     "visible":true,
                     "x":0,
                     "y":0
                    }
                }, 
                {
                 "id":17,
                 "objectgroup":
                    {
                     "draworder":"index",
                     "name":"",
                     "objects":[
                            {
                             "height":0,
                             "id":1,
                             "name":"",
                             "polygon":[
                                    {
                                     "x":0,
                                     "y":0
                                    }, 
                                    {
                                     "x":0,
                                     "y":37
                                    }, 
                                    {
                                     "x":6,
                                     "y":46
                                    }, 
                                    {
                                     "x":18,
                                     "y":56
                                    }, 
                                    {
                                     "x":36,
                                     "y":63
                                    }, 
                                    {
                                     "x":47,
                                     "y":67
                                    }, 
                                    {
                                     "x":60,
                                     "y":70
                                    }, 
                                    {
                                     "x":69,
                                     "y":70
                                    }, 
                                    {
                                     "x":69,
                                     "y":0
                                    }],
                             "rotation":0,
                             "type":"",
                             "visible":true,
                             "width":0,
                             "x":0,
                             "y":-1
                            }],
                     "opacity":1,
                     "type":"objectgroup",
                     "visible":true,
                     "x":0,
                     "y":0
                    }
                }, 
                {
                 "id":21,
                 "objectgroup":
                    {
                     "draworder":"index",
                     "name":"",
                     "objects":[
                            {
                             "height":0,
                             "id":1,
                             "name":"",
                             "polygon":[
                                    {
                                     "x":0,
                                     "y":0
                                    }, 
                                    {
                                     "x":-1,
                                     "y":73
                                    }, 
                                    {
                                     "x":73,
                                     "y":75
                                    }, 
                                    {
                                     "x":48,
                                     "y":59
                                    }, 
                                    {
                                     "x":39,
                                     "y":29
                                    }, 
                                    {
                                     "x":15,
                                     "y":22
                                    }],
                             "rotation":0,
                             "type":"",
                             "visible":true,
                             "width":0,
                             "x":-1,
                             "y":-2
                            }],
                     "opacity":1,
                     "type":"objectgroup",
                     "visible":true,
                     "x":0,
                     "y":0
                    }
                }, 
                {
                 "id":24,
                 "objectgroup":
                    {
                     "draworder":"index",
                     "name":"",
                     "objects":[
                            {
                             "height":0,
                             "id":2,
                             "name":"",
                             "polygon":[
                                    {
                                     "x":0,
                                     "y":0
                                    }, 
                                    {
                                     "x":-1,
                                     "y":-69
                                    }, 
                                    {
                                     "x":67,
                                     "y":-67
                                    }, 
                                    {
                                     "x":69,
                                     "y":-48
                                    }, 
                                    {
                                     "x":69,
                                     "y":-42
                                    }],
                             "rotation":0,
                             "type":"",
                             "visible":true,
                             "width":0,
                             "x":0,
                             "y":68
                            }],
                     "opacity":1,
                     "type":"objectgroup",
                     "visible":true,
                     "x":0,
                     "y":0
                    }
                }, 
                {
                 "id":29,
                 "objectgroup":
                    {
                     "draworder":"index",
                     "name":"",
                     "objects":[
                            {
                             "height":0,
                             "id":1,
                             "name":"",
                             "polygon":[
                                    {
                                     "x":0,
                                     "y":0
                                    }, 
                                    {
                                     "x":21,
                                     "y":13
                                    }, 
                                    {
                                     "x":31,
                                     "y":38
                                    }, 
                                    {
                                     "x":53,
                                     "y":46
                                    }, 
                                    {
                                     "x":70,
                                     "y":72
                                    }, 
                                    {
                                     "x":71,
                                     "y":1
                                    }],
                             "rotation":0,
                             "type":"",
                             "visible":true,
                             "width":0,
                             "x":0,
                             "y":-1
                            }],
                     "opacity":1,
                     "type":"objectgroup",
                     "visible":true,
                     "x":0,
                     "y":0
                    }
                }, 
                {
                 "id":31,
                 "objectgroup":
                    {
                     "draworder":"index",
                     "name":"",
                     "objects":[
                            {
                             "height":0,
                             "id":1,
                             "name":"",
                             "polygon":[
                                    {
                                     "x":0,
                                     "y":0
                                    }, 
                                    {
                                     "x":0,
                                     "y":25
                                    }, 
                                    {
                                     "x":67,
                                     "y":70
                                    }, 
                                    {
                                     "x":70,
                                     "y":-1
                                    }, 
                                    {
                                     "x":69,
                                     "y":0
                                    }],
                             "rotation":0,
                             "type":"",
                             "visible":true,
                             "width":0,
                             "x":0,
                             "y":1
                            }],
                     "opacity":1,
                     "type":"objectgroup",
                     "visible":true,
                     "x":0,
                     "y":0
                    }
                }, 
                {
                 "id":36,
                 "objectgroup":
                    {
                     "draworder":"index",
                     "name":"",
                     "objects":[
                            {
                             "height":0,
                             "id":1,
                             "name":"",
                             "polygon":[
                                    {
                                     "x":0,
                                     "y":0
                                    }, 
                                    {
                                     "x":-1,
                                     "y":70
                                    }, 
                                    {
                                     "x":12,
                                     "y":45
                                    }, 
                                    {
                                     "x":37,
                                     "y":42
                                    }, 
                                    {
                                     "x":47,
                                     "y":13
                                    }, 
                                    {
                                     "x":68,
                                     "y":5
                                    }, 
                                    {
                                     "x":68,
                                     "y":2
                                    }],
                             "rotation":0,
                             "type":"",
                             "visible":true,
                             "width":0,
                             "x":0,
                             "y":-1
                            }],
                     "opacity":1,
                     "type":"objectgroup",
                     "visible":true,
                     "x":0,
                     "y":0
                    }
                }, 
                {
                 "id":38,
                 "objectgroup":
                    {
                     "draworder":"index",
                     "name":"",
                     "objects":[
                            {
                             "height":0,
                             "id":1,
                             "name":"",
                             "polygon":[
                                    {
                                     "x":0,
                                     "y":0
                                    }, 
                                    {
                                     "x":67,
                                     "y":-68
                                    }, 
                                    {
                                     "x":69,
                                     "y":0
                                    }],
                             "rotation":0,
                             "type":"",
                             "visible":true,
                             "width":0,
                             "x":1,
                             "y":69
                            }],
                     "opacity":1,
                     "type":"objectgroup",
                     "visible":true,
                     "x":0,
                     "y":0
                    }
                }, 
                {
                 "id":39,
                 "objectgroup":
                    {
                     "draworder":"index",
                     "name":"",
                     "objects":[
                            {
                             "height":40,
                             "id":1,
                             "name":"",
                             "rotation":0,
                             "type":"",
                             "visible":true,
                             "width":68,
                             "x":1,
                             "y":-2
                            }],
                     "opacity":1,
                     "type":"objectgroup",
                     "visible":true,
                     "x":0,
                     "y":0
                    }
                }, 
                {
                 "id":45,
                 "objectgroup":
                    {
                     "draworder":"index",
                     "name":"",
                     "objects":[
                            {
                             "height":0,
                             "id":3,
                             "name":"",
                             "polygon":[
                                    {
                                     "x":0,
                                     "y":0
                                    }, 
                                    {
                                     "x":68.0143,
                                     "y":71
                                    }, 
                                    {
                                     "x":-0.985714,
                                     "y":68
                                    }],
                             "rotation":0,
                             "type":"",
                             "visible":true,
                             "width":0,
                             "x":1.98571,
                             "y":1
                            }],
                     "opacity":1,
                     "type":"objectgroup",
                     "visible":true,
                     "x":0,
                     "y":0
                    }
                }, 
                {
                 "id":46,
                 "objectgroup":
                    {
                     "draworder":"index",
                     "name":"",
                     "objects":[
                            {
                             "height":39,
                             "id":1,
                             "name":"",
                             "rotation":0,
                             "type":"",
                             "visible":true,
                             "width":69,
                             "x":1,
                             "y":1
                            }],
                     "opacity":1,
                     "type":"objectgroup",
                     "visible":true,
                     "x":0,
                     "y":0
                    }
                }],
         "tilewidth":70
        }, 
        {
         "columns":1,
         "firstgid":99,
         "image":"..\/img\/scroll.png",
         "imageheight":46,
         "imagewidth":70,
         "margin":0,
         "name":"scrolls",
         "spacing":0,
         "tilecount":1,
         "tileheight":46,
         "tilewidth":70
        }],
 "tilewidth":70,
 "type":"map",
 "version":1.2,
 "width":35
}